id,sales_id,feature_id,location_id,bedrooms,squareFootage,bathrooms,lotSize,lastSalePrice,lastSaleDate,longitude,latitude
5039942768,1,1,1,0.0,1362.0,2.0,697.0,0.0,Not available,-111.933947,33.49306
4913914112,2,2,2,0.0,1296.0,1.0,7675.0,0.0,2023-05-01T00:00:00.000Z,-97.722414,30.282989
4991359600,3,3,3,3.0,1266.0,2.0,9235.0,340000.0,2021-02-24T00:00:00.000Z,-119.905444,39.631402
4991359040,4,4,4,3.0,1575.0,2.5,1307.0,0.0,2021-09-22T00:00:00.000Z,-111.994188,40.481819
5039940848,5,5,5,4.0,1878.0,3.5,10846.0,465000.0,2023-11-14T00:00:00.000Z,-92.532263,44.050298
4991360560,6,6,6,0.0,1234.0,1.0,867.0,0.0,2020-09-14T00:00:00.000Z,-97.763586,30.205462
4991362560,7,7,7,3.0,1090.0,1.0,5300.0,150000.0,2003-11-18T00:00:00.000Z,-117.267833,34.137833
5039939696,1,8,8,0.0,0.0,0.0,0.0,0.0,Not available,-87.259679,30.538136
5039944304,1,8,9,0.0,0.0,0.0,0.0,0.0,Not available,-82.787042,27.848265
5039943728,1,8,10,0.0,0.0,0.0,0.0,0.0,Not available,-76.630352,39.291107
4991362800,8,9,11,3.0,1026.0,2.0,9583.0,225000.0,2015-01-27T00:00:00.000Z,-104.99568,39.853597
4991365520,9,10,12,2.0,748.0,1.0,6000.0,72130.0,1994-10-07T00:00:00.000Z,-122.43748,47.201311
5039939792,10,11,13,3.0,1263.0,2.5,0.0,741000.0,2022-07-08T00:00:00.000Z,-117.905859,33.70774
5039944784,1,8,14,0.0,0.0,0.0,0.0,0.0,Not available,-118.272408,34.116089
4991421776,11,12,15,4.0,2186.0,2.0,0.0,0.0,1999-08-26T00:00:00.000Z,-96.55008,33.017532
5001907200,1,8,16,0.0,0.0,0.0,0.0,0.0,Not available,-74.37818,41.477559
5039939600,1,13,17,2.0,0.0,1.0,0.0,0.0,Not available,-74.094045,40.880604
4991422816,12,14,18,2.0,1434.0,2.0,4225.0,85000.0,2021-03-05T00:00:00.000Z,-86.157426,39.736168
4991424736,13,15,19,2.0,1100.0,2.5,1170.0,6000.0,1984-06-28T00:00:00.000Z,-76.610832,39.31856
5039944016,1,16,20,2.0,1043.0,2.0,0.0,0.0,Not available,-73.98213200000001,40.736619
4991426976,14,17,21,3.0,2083.0,1.0,8581.0,176000.0,2003-12-04T00:00:00.000Z,-89.935585,35.144809
5039945552,1,8,22,0.0,0.0,0.0,0.0,0.0,Not available,-82.434283,28.50886
4991426496,15,18,23,0.0,624.0,1.0,4792.0,300.0,2009-06-26T00:00:00.000Z,-83.249153,42.406096
4991428336,1,19,24,3.0,1446.0,2.0,6098.0,0.0,Not available,-87.817974,42.568802
5039933840,16,20,25,3.0,2141.0,2.0,43560.0,279000.0,2021-02-11T00:00:00.000Z,-91.191216,30.638223
5039943056,1,8,26,0.0,0.0,0.0,0.0,0.0,Not available,-97.805834,30.173905
5039933456,17,21,27,3.0,1318.0,1.5,43560.0,142000.0,2006-01-18T00:00:00.000Z,-105.025837,39.890139
4991420656,1,22,28,3.0,1274.0,1.0,5663.0,0.0,Not available,-82.975927,39.918098
4991421056,18,20,29,0.0,0.0,0.0,13068.0,189900.0,2021-03-31T00:00:00.000Z,-90.860494,43.646149
5039938928,1,23,30,1.0,0.0,1.0,0.0,0.0,Not available,-118.36713,33.839289
4991422176,19,8,31,0.0,0.0,0.0,0.0,2850000.0,2022-12-01T00:00:00.000Z,-81.368218,28.543308
5039938832,20,24,32,3.0,1104.0,1.5,12023.0,225000.0,2022-01-26T00:00:00.000Z,-87.873583,43.404659
5039934128,21,25,33,5.0,3742.0,4.5,7649.0,1510000.0,2020-11-23T00:00:00.000Z,-117.810357,33.901699
4991422496,22,26,34,3.0,1152.0,2.0,56628.0,130000.0,2021-04-08T00:00:00.000Z,-84.77413,33.694738
4991423296,23,27,35,3.0,1610.0,2.0,7231.0,312900.0,2016-09-01T00:00:00.000Z,-104.83711,40.322115
4991424096,24,28,36,3.0,1315.0,1.0,8015.0,118000.0,2013-03-11T00:00:00.000Z,-95.933255,36.105668
4991423936,1,8,37,0.0,0.0,0.0,0.0,0.0,Not available,-98.45,29.5883
4991425456,25,29,38,5.0,3452.0,4.5,8720.0,658000.0,2020-01-29T00:00:00.000Z,-121.943347,38.317829
5039945648,1,8,39,0.0,0.0,0.0,0.0,0.0,Not available,-117.412131,47.744485
4991426016,1,30,40,0.0,1155.0,0.0,4000.0,0.0,Not available,-73.738649,40.765627
4991424576,26,31,41,6.0,4142.0,4.0,10651.0,655000.0,2005-01-05T00:00:00.000Z,-80.285142,26.051844
5039933648,27,32,42,3.0,1820.0,2.0,224334.0,89000.0,2019-04-01T00:00:00.000Z,-82.76714,30.154709
4991427136,1,33,43,4.0,2141.0,3.5,3485.0,0.0,Not available,-77.85767336,38.860904
5039932400,28,34,44,4.0,3260.0,1.5,13504.0,208900.0,2006-10-04T00:00:00.000Z,-88.849753,42.359205
4991428576,29,35,45,2.0,1320.0,2.5,2016.0,0.0,2019-05-22T00:00:00.000Z,-96.676375,32.94736
4991428256,1,8,46,0.0,0.0,0.0,0.0,0.0,Not available,-80.652445,35.322396
4991425856,30,36,47,2.0,1932.0,2.0,7500.0,350000.0,2021-06-21T00:00:00.000Z,-74.312188,39.754521
4991432176,31,37,48,4.0,1078.0,2.0,18644.0,257000.0,2020-12-21T00:00:00.000Z,-85.520011,42.9536
4991438320,32,38,49,5.0,4328.0,4.0,43634.0,0.0,2020-09-21T00:00:00.000Z,-96.985019,33.231727
4991441440,33,39,50,3.0,1064.0,1.5,2489.0,64000.0,2014-04-28T00:00:00.000Z,-76.593289,39.365405
5039932592,1,8,51,0.0,0.0,0.0,0.0,0.0,Not available,-74.361417,40.456442
4991439600,34,8,52,0.0,0.0,0.0,0.0,65000.0,2007-02-02T00:00:00.000Z,-71.883931,41.812534
4991444720,35,40,53,3.0,2095.0,3.0,3454.0,310891.0,2021-01-28T00:00:00.000Z,-81.014742,29.071487
5039932208,1,41,54,3.0,1717.0,3.0,22651.0,0.0,Not available,-87.928418,41.757103
4991445280,36,42,55,2.0,1082.0,2.0,87120.0,195000.0,2021-12-01T00:00:00.000Z,-84.1696,33.148582
4991444160,37,43,56,3.0,1352.0,3.5,14854.0,220000.0,2001-03-28T00:00:00.000Z,-94.397685,41.719356
4991444560,1,44,57,4.0,2048.0,2.0,8407.0,0.0,Not available,-95.369462,35.701567
4991438720,38,45,58,0.0,2755.0,0.0,8226.0,0.0,2021-03-08T00:00:00.000Z,-99.461608,27.607935
4991438400,1,8,59,0.0,0.0,0.0,0.0,0.0,Not available,-122.528341,47.132933
4991438800,39,46,60,4.0,1942.0,2.5,14375.0,174900.0,2019-07-03T00:00:00.000Z,-84.142641,39.846259
5039931440,40,47,61,3.0,1220.0,1.0,11900.0,245000.0,2001-03-16T00:00:00.000Z,-82.555483,27.274997
5039652272,41,48,62,4.0,2939.0,3.0,7806.0,0.0,2020-04-01T00:00:00.000Z,-97.571444,30.454262
4991440240,42,49,63,4.0,1858.0,2.0,10800.0,176120.0,2007-01-31T00:00:00.000Z,-87.522899,37.875929
4991441120,43,50,64,3.0,2186.0,2.0,5667.0,0.0,2019-12-26T00:00:00.000Z,-95.057607,29.885215
5039652368,44,51,65,6.0,2260.0,3.0,8280.0,450000.0,2020-10-02T00:00:00.000Z,-104.695479,38.903496
4991441760,1,52,66,3.0,938.0,1.0,663.0,0.0,Not available,-75.129228,39.978133
4991442800,1,53,67,3.0,1240.0,1.0,25003.0,0.0,Not available,-87.957456,42.866811
4991443520,1,54,68,4.0,1777.0,1.0,3500.0,0.0,Not available,-71.107205,42.262998
4991443840,45,55,69,4.0,1500.0,2.5,9600.0,41300.0,2011-11-10T00:00:00.000Z,-80.226935,25.892867
4991445200,46,56,70,3.0,1413.0,2.0,5453.0,125000.0,2010-05-28T00:00:00.000Z,-119.853306,39.639109
4991445040,47,57,71,4.0,1478.0,1.0,10430.0,128700.0,2020-09-14T00:00:00.000Z,-82.42071,34.822001
4991446080,48,58,72,3.0,1733.0,2.0,11600.0,375000.0,2019-02-21T00:00:00.000Z,-81.945041,26.62866
5039651312,49,59,73,0.0,1506.0,2.0,6778.0,180000.0,2021-04-23T00:00:00.000Z,-111.923511,33.474708
4991446480,50,60,74,4.0,2235.0,3.0,43560.0,437000.0,2023-05-04T00:00:00.000Z,-81.030279,35.02713
5039651984,1,61,75,3.0,1224.0,2.0,2025.0,0.0,Not available,-76.987358,38.886911
5039651792,1,8,76,0.0,0.0,0.0,0.0,0.0,Not available,-92.571911,40.205128
5039651888,1,8,77,0.0,0.0,0.0,0.0,0.0,Not available,-93.310614,37.1645
4990124240,51,62,78,3.0,1188.0,3.5,1742.0,129650.0,1995-05-22T00:00:00.000Z,-77.472195,39.041563
5004872944,1,63,79,0.0,748.0,0.0,181318.0,0.0,Not available,-73.825852,40.758018
4990124320,1,64,80,3.0,1480.0,2.0,0.0,0.0,Not available,-79.821802,37.373773
5004869872,1,8,81,0.0,0.0,0.0,0.0,0.0,Not available,-73.882481,40.84116
5004880336,52,65,82,3.0,2148.0,2.5,4312.0,0.0,2021-03-29T00:00:00.000Z,-106.727627,35.025561
4990130480,1,66,83,3.0,1320.0,2.0,11075.0,0.0,Not available,-82.240236,27.052667
4990138080,53,33,84,4.0,2199.0,2.5,8276.0,364900.0,2018-08-31T00:00:00.000Z,-83.107479,42.610393
5004880048,54,67,85,3.0,1871.0,2.0,6098.0,170000.0,2010-01-20T00:00:00.000Z,-117.376558,33.660409
4990137440,1,8,86,0.0,0.0,0.0,0.0,0.0,Not available,-79.070707,33.849759
4990139920,1,8,87,0.0,0.0,0.0,0.0,0.0,Not available,-97.1135,31.5741
5004880144,1,8,88,0.0,0.0,0.0,0.0,0.0,Not available,-122.645732,45.722037
5004877648,1,8,89,0.0,0.0,0.0,0.0,0.0,Not available,-122.859058,45.562395
4990138880,1,8,90,0.0,0.0,0.0,0.0,0.0,Not available,-98.329745,26.23556
4990124960,55,68,91,4.0,1462.0,1.5,8296.0,0.0,2005-11-04T00:00:00.000Z,-86.204616,41.700195
5004874864,1,8,92,0.0,0.0,0.0,0.0,0.0,Not available,-81.664235,31.801587
5004876496,1,69,93,0.0,1646.0,2.0,6500.0,0.0,Not available,-73.438329,40.672862
5004876880,1,23,94,1.0,792.0,1.0,9400.0,0.0,Not available,-95.41005,29.747364
4990124560,1,70,95,8.0,3124.0,4.0,3300.0,0.0,Not available,-79.953751,40.437698
4990125840,56,71,96,0.0,2479.0,2.0,11617.0,0.0,2007-06-01T00:00:00.000Z,-99.768928,32.421537
4990130240,1,20,97,0.0,1092.0,0.0,0.0,0.0,Not available,-91.481319,32.599493
5004875152,57,72,98,3.0,1000.0,1.0,9605.0,120000.0,2021-11-08T00:00:00.000Z,-85.856154,38.169862
5004870736,58,73,99,3.0,2175.0,2.0,8799.0,0.0,2001-09-19T00:00:00.000Z,-97.494278,25.957738
4919977296,1,13,100,4.0,0.0,2.0,0.0,0.0,Not available,-73.976837,40.85759
4990137280,59,74,101,3.0,1484.0,2.0,5700.0,217500.0,1988-12-16T00:00:00.000Z,-121.877787,37.425731999999996
5001908096,1,75,102,2.0,900.0,1.0,0.0,0.0,Not available,-111.872093,40.736057
4990138640,60,76,103,3.0,1028.0,1.0,7492.0,33642.0,2013-04-23T00:00:00.000Z,-86.151074,40.458341
4990138400,1,77,104,3.0,1556.0,1.5,30492.0,0.0,Not available,-80.388931,36.021737
4990138160,1,78,105,5.0,4224.0,5.0,6245.0,0.0,Not available,-118.255208,34.071162
4990138720,61,79,106,4.0,1931.0,2.0,6970.0,79000.0,2018-07-02T00:00:00.000Z,-111.990476,33.390486
4990139520,62,80,107,2.0,1101.0,1.0,3484.0,424000.0,2022-04-05T00:00:00.000Z,-117.180134,33.711699
4990140160,63,81,108,3.0,1653.0,3.0,8407.0,60000.0,2016-12-05T00:00:00.000Z,-84.592959,39.116487
4919972496,64,82,109,2.0,1075.0,2.0,17709.0,421004.0,2016-10-28T00:00:00.000Z,-118.448213,34.166809
4919621264,65,83,110,3.0,1589.0,2.0,43633.0,45000.0,2019-03-04T00:00:00.000Z,-84.664828,33.792166
4919613776,66,84,111,3.0,1094.0,2.0,8712.0,319950.0,2005-06-15T00:00:00.000Z,-122.282509,47.7965
4990127600,1,85,112,4.0,2683.0,2.5,21780.0,0.0,Not available,-84.170455,33.785466
4990126480,1,8,113,0.0,0.0,0.0,0.0,0.0,Not available,-118.245306,34.013439
4919612528,1,86,114,3.0,2232.0,2.0,7405.0,0.0,Not available,-78.195674,39.160954
4990126560,67,87,115,3.0,1226.0,1.5,8480.0,180000.0,2022-06-06T00:00:00.000Z,-87.98823,43.142258
4990131280,68,88,116,2.0,1138.0,1.0,6420.0,65000.0,2005-02-11T00:00:00.000Z,-89.63098,40.571087
4990134480,69,89,117,3.0,1110.0,2.0,5301.0,0.0,2005-03-17T00:00:00.000Z,-95.430029,29.774338
4990133680,70,75,118,0.0,0.0,1.0,0.0,940000.0,2015-08-14T00:00:00.000Z,-75.076893,39.901497
4919611856,1,8,119,0.0,0.0,0.0,0.0,0.0,Not available,-115.081509,36.077601
4990135840,71,90,120,3.0,1672.0,2.0,7440.0,325000.0,2021-10-11T00:00:00.000Z,-82.317892,27.882134
4990136400,72,91,121,3.0,1368.0,2.0,7841.0,0.0,2022-08-05T00:00:00.000Z,-97.085784,32.447013
4990137920,73,92,122,4.0,3800.0,4.5,0.0,540000.0,2021-10-14T00:00:00.000Z,-88.330565,41.673212
4990127200,74,93,123,3.0,1474.0,1.0,16553.0,146000.0,1989-08-25T00:00:00.000Z,-72.852225,41.566019
4990126800,1,94,124,3.0,1192.0,1.0,4400.0,0.0,Not available,-83.702572,43.038065
4919610320,75,95,125,2.0,1341.0,2.0,51965.0,970000.0,2012-03-02T00:00:00.000Z,-117.169574,32.715126
4990134720,1,96,126,3.0,1141.0,2.0,11761.0,0.0,Not available,-77.843553,34.297588
4919609936,1,8,127,0.0,0.0,0.0,0.0,0.0,Not available,-90.413181,38.555998
4919607728,76,97,128,2.0,950.0,1.0,436.0,330000.0,2022-10-04T00:00:00.000Z,-104.820989,39.582193
4919607344,1,75,129,2.0,1143.0,2.0,72800.0,0.0,Not available,-118.151505,34.150175
4990134960,77,98,130,0.0,1832.0,2.0,30000.0,129000.0,2018-11-30T00:00:00.000Z,-78.95868,36.423341
4919611760,78,99,131,3.0,1326.0,2.0,371014.0,330000.0,2013-10-23T00:00:00.000Z,-117.993241,33.906964
4990133120,79,100,132,3.0,1010.0,1.0,4800.0,107000.0,2000-12-29T00:00:00.000Z,-87.897787,42.966526
4918935056,80,101,133,3.0,1378.0,3.0,6490.0,240000.0,2018-05-02T00:00:00.000Z,-104.897711,39.415096
4990132880,81,102,134,3.0,1230.0,3.0,14810.0,139250.0,2015-07-10T00:00:00.000Z,-79.261533,37.329667
4990132320,1,103,135,0.0,2084.0,2.0,3049.0,0.0,Not available,-83.031178,42.365001
4918934672,82,104,136,3.0,1208.0,2.0,55757.0,280000.0,2022-03-22T00:00:00.000Z,-116.07893,36.205332
4918933616,83,105,137,4.0,1408.0,3.0,9750.0,459900.0,2006-10-10T00:00:00.000Z,-76.987828,39.065543
4990132080,84,106,138,4.0,1651.0,2.0,7566.0,260000.0,2022-05-02T00:00:00.000Z,-111.93819,33.397963
4918932560,85,107,139,2.0,2300.0,2.0,11250.0,15000.0,2016-02-15T00:00:00.000Z,-91.816376,30.012857
4918931504,1,75,140,2.0,965.0,1.0,0.0,0.0,Not available,-88.097374,42.49015
4918930448,86,108,141,3.0,1762.0,2.5,1360.0,449900.0,2014-09-16T00:00:00.000Z,-77.374412,38.862966
4918929008,87,109,142,3.0,1397.0,2.0,8712.0,189000.0,2018-05-04T00:00:00.000Z,-114.580909,34.992098
4990130080,1,8,143,0.0,0.0,0.0,0.0,0.0,Not available,-97.169492,31.551865
4990131040,88,48,144,0.0,2063.0,2.0,8329.0,0.0,1995-10-11T00:00:00.000Z,-97.848906,30.19934
4990517936,89,110,145,4.0,1547.0,2.0,11805.0,55000.0,2014-12-16T00:00:00.000Z,-94.619291,39.047213
4990520096,90,111,146,3.0,2140.0,2.5,8400.0,95000.0,2009-07-17T00:00:00.000Z,-81.556747,41.522362
4990520256,91,112,147,3.0,1574.0,2.0,17076.0,105000.0,2018-03-21T00:00:00.000Z,-90.044582,35.039167
4918927856,1,8,148,0.0,0.0,0.0,0.0,0.0,Not available,-122.225208,37.774201
4990521136,1,8,149,0.0,0.0,0.0,0.0,0.0,Not available,-81.799531,24.551441
4990519056,92,113,150,4.0,1817.0,2.0,5720.0,125000.0,2002-03-11T00:00:00.000Z,-81.236488,28.530086
4990523136,93,114,151,3.0,2097.0,2.0,43560.0,180000.0,2007-04-26T00:00:00.000Z,-88.15016,30.657021
4918926992,94,115,152,4.0,2642.0,3.0,7823.0,0.0,2019-07-12T00:00:00.000Z,-106.21374,31.779533999999998
4918926032,95,116,153,2.0,2373.0,3.0,14414.0,224000.0,2001-07-05T00:00:00.000Z,-85.525253,38.22634
4990526416,96,117,154,0.0,3344.0,2.5,8021.0,0.0,1998-10-29T00:00:00.000Z,-97.763528,30.486737
4990528736,97,118,155,3.0,1416.0,2.0,6970.0,139200.0,2013-11-19T00:00:00.000Z,-86.594675,36.052196
4990529456,98,119,156,0.0,1172.0,1.0,10500.0,50000.0,2021-10-25T00:00:00.000Z,-92.794979,34.358565
4990528176,99,120,157,3.0,1363.0,2.0,7205.0,0.0,2024-06-27T00:00:00.000Z,-97.147913,32.852837
4918922576,100,121,158,4.0,2218.0,2.5,7667.0,565000.0,2023-03-23T00:00:00.000Z,-80.242392,27.155258
4918921520,1,8,159,0.0,0.0,0.0,0.0,0.0,Not available,-96.755231,32.874315
4990518416,101,122,160,3.0,1288.0,1.5,1330.0,170000.0,2015-12-31T00:00:00.000Z,-76.639384,39.341538
4990518816,102,123,161,3.0,1344.0,2.0,26571.0,112000.0,2021-07-23T00:00:00.000Z,-82.327258,34.688465
4990520336,103,124,162,3.0,2192.0,2.0,8194.0,0.0,2020-09-23T00:00:00.000Z,-95.363156,29.852113
4990520896,104,125,163,3.0,1254.0,2.0,6056.0,120000.0,2011-06-09T00:00:00.000Z,-117.738153,34.0546
4990519696,105,126,164,2.0,1350.0,2.0,1879.0,1325000.0,2021-07-06T00:00:00.000Z,-122.294087,37.492566
4990522416,106,127,165,2.0,728.0,1.0,602.0,6000.0,2019-07-12T00:00:00.000Z,-75.117708,40.001015
4990521456,1,8,166,0.0,0.0,0.0,0.0,0.0,Not available,-102.658276,48.561928
4990522816,107,128,167,3.0,1284.0,1.5,9000.0,319900.0,2003-10-14T00:00:00.000Z,-73.728314,41.371603
4990523856,108,129,168,3.0,1396.0,2.0,11326.0,21000.0,1974-04-01T00:00:00.000Z,-122.226956,47.935755
4990523776,1,8,169,0.0,0.0,0.0,0.0,0.0,Not available,-96.477883,32.764811
4990524736,1,130,170,0.0,1810.0,0.0,77972.0,0.0,Not available,-85.871605,33.665694
4990525296,109,131,171,3.0,2288.0,2.0,10125.0,0.0,2010-09-10T00:00:00.000Z,-97.001279,32.861132
4918919888,110,132,172,1.0,655.0,1.0,100.0,263000.0,2012-09-05T00:00:00.000Z,-105.003456,39.756455
4918919312,1,75,173,2.0,991.0,1.5,3920.0,0.0,Not available,-117.621803,33.426773
4990525936,111,133,174,3.0,1640.0,2.0,4850.0,375000.0,2018-10-01T00:00:00.000Z,-122.588249,45.452661
4918934864,1,134,175,2.0,933.0,1.0,656.0,0.0,Not available,-121.357093,38.671739
4990527456,112,135,176,3.0,1163.0,2.0,7150.0,330000.0,2018-07-03T00:00:00.000Z,-88.134829,42.031107
4918931696,113,136,177,3.0,1341.0,2.0,0.0,421000.0,2012-03-29T00:00:00.000Z,-71.211429,42.367311
4990529136,114,13,178,2.0,1000.0,1.0,21780.0,260000.0,2017-04-19T00:00:00.000Z,-82.071487,26.630416
4990528016,1,8,179,0.0,0.0,0.0,0.0,0.0,Not available,-157.913265,21.360364
4990529616,1,33,180,4.0,0.0,2.0,0.0,0.0,Not available,-90.131429,38.492659
4918929584,115,137,181,3.0,1482.0,2.0,5227.0,399000.0,2021-04-02T00:00:00.000Z,-121.528807,38.599602
4990528096,1,8,182,0.0,0.0,0.0,0.0,0.0,Not available,-118.29364,34.255832
4990529856,1,33,183,3.0,1700.0,1.5,37026.0,0.0,Not available,-72.404657,44.906688
4990530016,116,138,184,0.0,1587.0,0.0,5998.0,465000.0,2006-03-23T00:00:00.000Z,-74.025302,40.899632
4990530416,117,139,185,4.0,2229.0,2.5,34848.0,50000.0,2017-05-08T00:00:00.000Z,-78.527704,35.478921
4918922960,1,8,186,0.0,0.0,0.0,0.0,0.0,Not available,-102.14836,32.013998
4918921328,118,140,187,0.0,1857.0,2.0,10454.0,80000.0,2005-10-06T00:00:00.000Z,-92.200682,34.758254
4990062304,119,141,188,3.0,2592.0,2.5,12000.0,484000.0,2022-06-21T00:00:00.000Z,-75.546633,40.506703
4990069584,120,142,189,4.0,2073.0,2.5,21780.0,980000.0,2024-02-15T00:00:00.000Z,-73.284646,40.869037
4990070784,121,143,190,2.0,1636.0,3.0,4200.0,900000.0,2017-06-28T00:00:00.000Z,-122.387277,37.922627
4990072784,122,144,191,3.0,1720.0,2.0,5175.0,350350.0,2020-07-29T00:00:00.000Z,-112.028387,33.38416
4990072624,1,145,192,4.0,2206.0,2.0,3125.0,0.0,Not available,-87.728115,41.870187
4990074784,1,146,193,0.0,976.0,0.0,0.0,0.0,Not available,-74.262879,40.42889
4990074624,123,147,194,0.0,4642.0,0.0,7619.0,0.0,2022-01-03T00:00:00.000Z,-96.456481,32.67782
4918361712,1,20,195,5.0,2653.0,3.0,0.0,0.0,Not available,-78.519565,35.80869
4990059024,1,148,196,4.0,2666.0,2.0,24660.0,0.0,Not available,-122.126491,37.763765
4990062064,124,149,197,0.0,1026.0,1.5,1273.0,123000.0,2022-09-21T00:00:00.000Z,-76.67926,39.295359
4990068624,125,150,198,3.0,2128.0,1.0,7500.0,0.0,2009-05-15T00:00:00.000Z,-111.25618,47.507609
4990069504,1,151,199,2.0,871.0,1.0,6970.0,0.0,Not available,-97.300674,37.690788
4990070544,126,152,200,3.0,1973.0,2.0,0.0,0.0,2022-05-05T00:00:00.000Z,-96.711856,33.087532
4990071184,127,153,201,3.0,1470.0,1.0,3206.0,175000.0,2019-04-23T00:00:00.000Z,-75.714086,40.004862
4990071984,128,154,202,4.0,5289.0,3.5,217800.0,0.0,2022-08-22T00:00:00.000Z,-149.810732,61.120357
4990071584,1,8,203,0.0,0.0,0.0,0.0,0.0,Not available,-73.689152,40.731081
4990072464,129,155,204,3.0,1026.0,1.0,4008.0,160000.0,2021-12-02T00:00:00.000Z,-82.936555,42.503631
4990073664,130,156,205,0.0,1531.0,1.0,20000.0,205000.0,2019-12-19T00:00:00.000Z,-86.392152,36.401133
4990071104,131,157,206,2.0,1190.0,1.0,5227.0,940000.0,2013-07-29T00:00:00.000Z,-73.745163,41.210825
4990074544,132,158,207,3.0,1849.0,2.0,8712.0,388500.0,2021-03-12T00:00:00.000Z,-74.763906,40.304516
4918360368,133,159,208,3.0,2975.0,3.0,125518.0,80000.0,2022-01-20T00:00:00.000Z,-81.835675,30.42634
4990064544,134,160,209,0.0,2600.0,0.0,0.0,207500.0,1997-03-31T00:00:00.000Z,-84.568342,33.41191
4990073184,135,8,210,0.0,0.0,0.0,0.0,228000.0,2000-01-18T00:00:00.000Z,-73.817774,40.75395
4918435936,136,161,211,0.0,560.0,1.0,4340.0,44000.0,2005-06-02T00:00:00.000Z,-77.741463,39.648898
4918359984,1,8,212,0.0,0.0,0.0,0.0,0.0,Not available,-94.666554,38.8632
4918429376,1,162,213,0.0,2112.0,1.0,8882.0,0.0,Not available,-97.763905,31.109246
4918428896,137,163,214,1.0,856.0,1.0,0.0,134500.0,2006-04-27T00:00:00.000Z,-82.603388,28.005357
4918359216,1,8,215,0.0,0.0,0.0,0.0,0.0,Not available,-117.999858,33.876801
4918428656,1,8,216,0.0,0.0,0.0,0.0,0.0,Not available,-83.048768,40.049974
4918428176,138,164,217,3.0,1196.0,2.0,21780.0,16500.0,2013-05-03T00:00:00.000Z,-81.823061,28.52571
4918358640,1,165,218,1.0,775.0,1.0,31080.0,0.0,Not available,-73.979716,40.648764
4918427776,139,166,219,0.0,960.0,0.0,0.0,40000.0,2016-12-06T00:00:00.000Z,-79.994695,32.90551
4920177280,140,167,220,2.0,906.0,1.0,5099.0,265000.0,2023-01-13T00:00:00.000Z,-122.677642,45.639365
5033750608,141,168,221,3.0,2284.0,2.0,8231.0,122000.0,1997-02-11T00:00:00.000Z,-120.446614,37.3292
4918358160,1,8,222,0.0,0.0,0.0,0.0,0.0,Not available,-96.205258,41.262454
5033753808,1,8,223,0.0,0.0,0.0,0.0,0.0,Not available,-87.692377,41.988491
4918357296,142,169,224,2.0,1104.0,2.0,871.0,71000.0,2016-04-07T00:00:00.000Z,-79.920812,36.087809
5033754368,143,170,225,3.0,1374.0,1.0,4800.0,7200.0,2015-08-20T00:00:00.000Z,-83.523556,41.683235
4918355568,144,171,226,4.0,2218.0,2.0,22440.0,0.0,1993-09-22T00:00:00.000Z,-97.033031,32.765103
5033750368,1,172,227,0.0,0.0,0.0,46174.0,0.0,Not available,-82.562448,29.027469
5033750448,145,173,228,3.0,1282.0,2.0,8098.0,0.0,1996-03-01T00:00:00.000Z,-95.310842,29.869615
5033752928,146,174,229,3.0,1431.0,2.0,8700.0,51000.0,2004-07-13T00:00:00.000Z,-74.285828,39.745281
4918353168,147,175,230,2.0,2618.0,2.0,5793.0,206000.0,2020-12-14T00:00:00.000Z,-82.047612,27.034458
4918352208,1,8,231,0.0,0.0,0.0,0.0,0.0,Not available,-119.779411,39.570167
4918351248,148,176,232,3.0,1785.0,2.5,3726.0,300000.0,2021-06-25T00:00:00.000Z,-80.934233,35.149936
5033753728,149,177,233,3.0,1836.0,2.0,43894.0,450000.0,2024-05-03T00:00:00.000Z,-118.072256,34.710041
5033751008,150,178,234,3.0,1310.0,2.0,5502.0,105100.0,2003-07-07T00:00:00.000Z,-81.648861,28.220397
4918350192,1,24,235,0.0,1199.0,0.0,5009.0,0.0,Not available,-75.8649,41.166056
5033743888,151,179,236,3.0,1412.0,2.0,12632.0,251000.0,2020-10-08T00:00:00.000Z,-110.011416,34.184332
5033743488,1,180,237,0.0,0.0,0.0,9148.0,0.0,Not available,-75.014549,41.590321
5033738448,152,181,238,0.0,570.0,0.0,6011.0,0.0,1989-06-09T00:00:00.000Z,-100.436709,31.435569
4918348368,153,182,239,1.0,510.0,1.0,0.0,108000.0,2021-09-09T00:00:00.000Z,-84.510928,39.113668
5033745648,1,183,240,3.0,1532.0,3.0,14375.0,0.0,Not available,-90.207486,41.851902
5001910448,154,184,241,0.0,1130.0,0.0,0.0,55000000.0,2020-10-28T00:00:00.000Z,-82.825248,27.821264
5033741088,155,185,242,2.0,2156.0,2.0,2809.0,310500.0,1999-11-30T00:00:00.000Z,-122.459912,37.724032
4918346928,1,8,243,0.0,0.0,0.0,0.0,0.0,Not available,-157.861408,21.300107
4918346544,1,8,244,0.0,0.0,0.0,0.0,0.0,Not available,-95.499177,29.725084
4918345872,1,8,245,0.0,0.0,0.0,0.0,0.0,Not available,-86.113963,39.737447
5033744608,156,186,246,0.0,840.0,0.0,4844.0,0.0,2019-07-08T00:00:00.000Z,-97.968781,29.579409
4918350384,1,8,247,0.0,0.0,0.0,0.0,0.0,Not available,-80.325933,25.797729
5033744368,1,8,248,0.0,0.0,0.0,0.0,0.0,Not available,-97.728807,30.263735
5033743728,157,187,249,3.0,1906.0,3.0,11282.0,638250.0,2024-05-03T00:00:00.000Z,-104.853387,39.402738
4918358448,1,188,250,5.0,3010.0,4.0,18295.0,0.0,Not available,-119.113749,35.339327
4918352976,1,189,251,3.0,1296.0,2.5,12101.0,0.0,Not available,-71.20399,42.513397
4918351728,1,8,252,0.0,0.0,0.0,0.0,0.0,Not available,-87.632027,41.908861
4918350480,158,190,253,0.0,1110.0,0.0,4167.0,316950.0,2006-05-26T00:00:00.000Z,-73.957882,40.699598
4918347216,159,191,254,3.0,1256.0,2.0,5909.0,115000.0,2012-07-23T00:00:00.000Z,-81.910563,26.523402
4991180736,160,192,255,2.0,1528.0,1.0,14000.0,203000.0,2018-05-01T00:00:00.000Z,-82.489534,27.963729
4991180256,1,193,256,2.0,1159.0,1.0,38333.0,0.0,Not available,-83.906296,41.579632
4991180816,161,194,257,5.0,5694.0,4.5,7841.0,1555000.0,2010-08-31T00:00:00.000Z,-79.93451,32.771688
4990930016,162,195,258,3.0,1250.0,2.5,17424.0,144200.0,2005-04-06T00:00:00.000Z,-84.31808,33.665997
4914682560,163,196,259,3.0,1023.0,2.0,6512.0,1700.0,1999-09-17T00:00:00.000Z,-80.232253,25.8486
4914683520,164,197,260,3.0,1070.0,2.0,7499.0,226002.0,2012-12-10T00:00:00.000Z,-118.41716,34.256863
4409916784,1,198,261,3.0,1704.0,2.0,8276.0,0.0,Not available,-72.732059,41.73123
4919921040,165,199,262,0.0,2836.0,0.0,2375.0,384700.0,2003-11-07T00:00:00.000Z,-73.86509,40.849499
4917673776,1,200,263,2.0,725.0,1.0,0.0,0.0,Not available,-112.111486,33.501744
4917672624,1,33,264,3.0,1959.0,2.5,0.0,0.0,Not available,-78.626778,33.878703
4919929040,166,201,265,3.0,1225.0,1.5,10019.0,72000.0,1989-10-01T00:00:00.000Z,-88.25945,42.315012
5004886384,167,20,266,3.0,1540.0,2.0,0.0,224200.0,2021-09-03T00:00:00.000Z,-91.263262,30.373452
5004886944,168,202,267,3.0,1240.0,2.0,5662.0,275000.0,2011-08-11T00:00:00.000Z,-122.750241,38.436636
5004891584,169,203,268,3.0,708.0,1.0,7013.0,158000.0,2022-12-09T00:00:00.000Z,-83.419576,42.69916
5004892224,1,204,269,4.0,1416.0,2.0,7535.0,0.0,Not available,-115.545043,32.988962
5004894784,170,205,270,0.0,1296.0,1.0,21780.0,39000.0,2016-10-20T00:00:00.000Z,-86.902278,34.369079
5004893664,171,206,271,0.0,2888.0,0.0,0.0,125000.0,2011-05-23T00:00:00.000Z,-89.802424,30.274706
4917671280,1,8,272,0.0,0.0,0.0,0.0,0.0,Not available,-85.67103,42.936328
5004893904,172,207,273,2.0,896.0,1.0,1608.0,20000.0,2017-04-25T00:00:00.000Z,-79.888607,40.322561
4917670992,1,8,274,0.0,0.0,0.0,0.0,0.0,Not available,-97.552988,35.576412
5004895744,1,208,275,3.0,1375.0,1.0,17933.0,0.0,Not available,-116.935256,34.248601
4917670608,1,8,276,0.0,0.0,0.0,0.0,0.0,Not available,-93.809083,43.097804
5004895344,1,209,277,3.0,1603.0,2.0,5380.0,0.0,Not available,-122.008079,38.278527
4917669840,1,8,278,2.0,1320.0,2.0,0.0,0.0,Not available,-81.472319,28.249617
5004889264,1,210,279,3.0,1662.0,2.0,9106.0,0.0,Not available,-94.918113,38.822631
5004888864,1,211,280,5.0,3875.0,2.0,17860.0,0.0,Not available,-75.645352,39.643492
5004889504,173,212,281,3.0,844.0,1.0,5663.0,64000.0,2018-09-07T00:00:00.000Z,-82.965731,40.051407
5004891184,174,178,282,3.0,1743.0,3.0,12197.0,340000.0,2022-11-23T00:00:00.000Z,-81.598013,28.238245
5004891344,1,8,283,0.0,0.0,0.0,0.0,0.0,Not available,-76.774922,39.174317
5004892304,175,213,284,0.0,1596.0,3.5,4035.0,199328.0,2015-08-04T00:00:00.000Z,-77.033041,39.070264
5004893024,176,214,285,4.0,2647.0,3.0,26136.0,281000.0,2018-06-29T00:00:00.000Z,-78.359103,35.666406
5004894624,1,215,286,5.0,3834.0,3.0,9017.0,0.0,Not available,-84.08868,33.679497
5004893584,177,216,287,3.0,2721.0,4.0,87120.0,315000.0,2001-05-17T00:00:00.000Z,-105.347483,39.433264
4917667536,178,217,288,3.0,2400.0,3.5,5009.0,178000.0,1985-07-26T00:00:00.000Z,-89.945885,35.125116
4917666768,1,20,289,0.0,0.0,0.0,2600.0,0.0,Not available,-78.938692,40.34342
4917666096,1,218,290,3.0,1196.0,1.5,9191.0,0.0,Not available,-97.560528,35.393512
5004895504,179,219,291,4.0,2141.0,2.0,7405.0,166000.0,2017-01-30T00:00:00.000Z,-78.490374,35.783313
5004895984,180,220,292,3.0,1479.0,2.0,10000.0,17000.0,2002-05-03T00:00:00.000Z,-81.927445,26.631833
4917665328,1,8,293,0.0,0.0,0.0,0.0,0.0,Not available,-90.713083,35.81341
5004887904,181,221,294,2.0,1092.0,2.0,2210.0,85000.0,2018-10-05T00:00:00.000Z,-82.14189,33.481729
4917663888,1,222,295,0.0,1158.0,1.5,8146.0,0.0,Not available,-82.905292,42.567836
4917663408,182,223,296,3.0,1272.0,2.0,7504.0,46900.0,1979-04-01T00:00:00.000Z,-80.239553,26.010384
5004699216,1,8,297,0.0,0.0,0.0,0.0,0.0,Not available,-74.146828,40.725961
5004699616,183,224,298,2.0,952.0,1.0,4020.0,156500.0,2021-02-05T00:00:00.000Z,-87.854133,41.870195
5004705376,184,225,299,3.0,1541.0,1.0,0.0,0.0,2015-02-09T00:00:00.000Z,-90.054206,32.472362
4917662256,185,226,300,4.0,2470.0,3.0,12299.0,389003.0,1990-07-19T00:00:00.000Z,-117.947808,33.985436
5004698496,186,227,301,3.0,2053.0,3.0,7700.0,680000.0,2022-09-13T00:00:00.000Z,-73.472725,40.729713
5004700016,1,75,302,2.0,0.0,1.0,0.0,0.0,Not available,-121.987109,37.342731
4917661680,187,228,303,4.0,2427.0,2.0,2426.0,475000.0,2017-06-16T00:00:00.000Z,-90.334147,38.643339
5004702656,188,229,304,2.0,1188.0,2.0,7841.0,275000.0,2018-03-20T00:00:00.000Z,-115.298333,36.213137
5004704576,1,230,305,0.0,2220.0,0.0,5001.0,0.0,Not available,-73.988181,40.93017
4917660912,189,231,306,0.0,1410.0,0.0,1885.0,420000.0,2004-07-05T00:00:00.000Z,-73.888994,40.718104
4917660432,1,8,307,0.0,0.0,0.0,0.0,0.0,Not available,-112.100925,33.568232
4991256496,190,232,308,0.0,2475.0,0.0,12001.0,0.0,2017-12-06T00:00:00.000Z,-96.690273,30.525339
4917659376,191,233,309,2.0,680.0,2.0,46386.0,10300000.0,2014-03-28T00:00:00.000Z,-118.401555,34.266432
4917658992,1,8,310,0.0,0.0,0.0,0.0,0.0,Not available,-87.640445,41.83494
4917673584,192,234,311,4.0,1762.0,1.0,5793.0,37250.0,2021-03-11T00:00:00.000Z,-80.687153,41.100132
4917671664,193,235,312,2.0,1012.0,2.0,0.0,117800.0,2006-02-07T00:00:00.000Z,-157.704627,21.285913
4991256336,194,236,313,0.0,2134.0,2.0,7107.0,254000.0,2009-05-15T00:00:00.000Z,-112.264082,33.678342
4991265936,195,237,314,2.0,903.0,1.0,6966.0,141351.0,2022-01-06T00:00:00.000Z,-87.521712,37.973742
4991255216,1,238,315,0.0,3333.0,3.0,41818.0,0.0,Not available,-83.873008,33.698048
4917669456,196,239,316,3.0,2196.0,4.0,88862.0,77200.0,2001-05-29T00:00:00.000Z,-81.348789,29.817463
4917666480,1,200,317,0.0,0.0,0.0,0.0,0.0,Not available,-75.126546,38.700564
4991255296,197,240,318,3.0,2048.0,2.0,87599.0,0.0,2021-04-29T00:00:00.000Z,-94.764936,31.320139
4917661296,198,241,319,1.0,5392.0,4.0,0.0,1315000.0,2018-06-04T00:00:00.000Z,-80.792415,32.284867
4991256096,1,242,320,2.0,0.0,1.5,0.0,0.0,Not available,-79.452895,36.068021
4991255696,1,8,321,0.0,0.0,0.0,0.0,0.0,Not available,-73.995531,40.66051
4917659664,1,8,322,0.0,0.0,0.0,0.0,0.0,Not available,-75.390961,40.624444
4991264336,1,243,323,3.0,1610.0,2.0,22216.0,0.0,Not available,-85.646149,31.449259
4919708288,199,244,324,3.0,2480.0,2.5,7081.0,690000.0,2003-08-29T00:00:00.000Z,-122.283813,47.607443
4919709168,200,245,325,4.0,1857.0,2.0,21824.0,360000.0,2018-12-17T00:00:00.000Z,-77.325515,38.549646
4919710368,201,246,326,3.0,1763.0,2.0,13260.0,0.0,2021-09-10T00:00:00.000Z,-95.898982,33.231846
4919711888,202,247,327,4.0,2196.0,2.5,7200.0,0.0,2017-11-07T00:00:00.000Z,-95.248003,29.58891
4919710208,203,248,328,3.0,1790.0,2.0,1635.0,335000.0,2020-10-21T00:00:00.000Z,-80.452602,25.685483
4916956880,1,75,329,3.0,2000.0,2.0,3660.0,0.0,Not available,-79.891273,40.444157
4916956400,1,249,330,0.0,0.0,0.0,0.0,0.0,Not available,-97.312213,37.613488
4916955824,204,250,331,3.0,2088.0,2.0,11996.0,240000.0,1999-11-19T00:00:00.000Z,-117.729257,34.112784
4916956112,205,251,332,4.0,2744.0,1.5,5663.0,187500.0,2009-06-26T00:00:00.000Z,-84.034901,34.12337
4919706208,206,252,333,2.0,1218.0,1.5,9148.0,155000.0,2021-09-30T00:00:00.000Z,-76.959388,41.256372
4919707488,207,253,334,2.0,1059.0,1.5,615.0,189000.0,1999-09-30T00:00:00.000Z,-87.792914,41.938728
4919710528,208,254,335,4.0,1675.0,1.5,7841.0,105500.0,2011-04-01T00:00:00.000Z,-75.743911,39.655669
4916968496,1,23,336,3.0,1450.0,2.0,0.0,0.0,Not available,-118.488414,34.034455
4919706048,209,255,337,2.0,1182.0,1.0,6747.0,81000.0,2003-08-14T00:00:00.000Z,-82.458644,28.014559
4918213920,1,8,338,0.0,0.0,0.0,0.0,0.0,Not available,-122.5243,37.9025
4916968208,1,8,339,0.0,0.0,0.0,0.0,0.0,Not available,-91.179684,30.519472
4916967824,1,8,340,0.0,0.0,0.0,0.0,0.0,Not available,-83.40138,42.317127
4916966864,210,256,341,3.0,1782.0,2.0,87120.0,24000.0,2000-09-20T00:00:00.000Z,-82.516413,28.594742
4918211760,211,257,342,3.0,1138.0,2.0,18167.0,88000.0,1999-08-31T00:00:00.000Z,-80.926257,35.265125
4916966000,212,258,343,3.0,1824.0,2.5,2614.0,230000.0,2021-08-03T00:00:00.000Z,-81.35988,28.311383
4916965136,1,259,344,2.0,768.0,1.0,10399.0,0.0,Not available,-118.440348,34.21584
4918210080,213,260,345,0.0,960.0,0.0,0.0,175000.0,2016-05-11T00:00:00.000Z,-85.838944,32.770974
4918208640,214,33,346,3.0,1344.0,1.0,12632.0,36900.0,2021-11-17T00:00:00.000Z,-93.991537,45.456084
4918207600,215,261,347,4.0,2231.0,3.0,8554.0,0.0,2003-04-08T00:00:00.000Z,-149.993241,61.154968
4916964656,1,8,348,0.0,0.0,0.0,0.0,0.0,Not available,-105.051307,39.848103
4918206880,1,262,349,0.0,1560.0,1.5,6500.0,0.0,Not available,-76.649157,39.13416
4918205360,216,263,350,2.0,1120.0,1.5,8276.0,35000.0,2018-08-10T00:00:00.000Z,-83.073931,42.374978
4916962544,217,264,351,1.0,1056.0,1.0,4051.0,19600.0,2015-03-20T00:00:00.000Z,-85.787376,38.242228
4918203040,218,265,352,5.0,3596.0,3.0,7314.0,0.0,2016-10-12T00:00:00.000Z,-97.125728,32.652825
4918202000,219,266,353,3.0,2257.0,2.0,7492.0,33000.0,1982-06-18T00:00:00.000Z,-89.991876,35.121587
4918201440,1,8,354,0.0,0.0,0.0,0.0,0.0,Not available,-92.744751,35.159633
4916962160,220,16,355,2.0,1189.0,2.0,0.0,135000.0,2017-05-08T00:00:00.000Z,-81.309441,29.79327
4916961104,221,267,356,3.0,1560.0,2.0,7405.0,231000.0,2016-03-17T00:00:00.000Z,-122.902282,42.365641
4918199680,1,8,357,0.0,0.0,0.0,0.0,0.0,Not available,-102.527546,36.072013
4918198480,222,268,358,4.0,2534.0,2.0,6098.0,417000.0,2020-11-09T00:00:00.000Z,-93.284645,44.94717
4916965616,223,269,359,4.0,2195.0,3.0,12196.0,550000.0,2023-02-15T00:00:00.000Z,-121.013183,38.663497
4918202240,224,270,360,4.0,2328.0,2.5,10722.0,201000.0,1995-05-15T00:00:00.000Z,-77.237916,38.890381
4918200080,1,271,361,4.0,3489.0,2.5,12495.0,0.0,Not available,-87.867281,42.118245
4918209920,225,272,362,3.0,2672.0,2.5,46609.0,350000.0,2016-08-09T00:00:00.000Z,-76.644326,39.958723
4918201280,226,20,363,5.0,3163.0,3.5,27051.0,408755.0,2022-06-02T00:00:00.000Z,-86.725484,33.0946
4918199520,1,273,364,3.0,1064.0,2.0,47045.0,0.0,Not available,-80.807107,35.728625
4916964368,1,274,365,0.0,0.0,0.0,0.0,0.0,Not available,-122.120929,47.499448
4916963696,1,23,366,3.0,0.0,1.0,0.0,0.0,Not available,-87.645644,41.933909
4916959184,1,23,367,2.0,1066.0,2.0,0.0,0.0,Not available,-97.102539,32.916077
4916959376,1,8,368,1.0,0.0,1.0,0.0,0.0,Not available,-73.957282,40.73443
4991664464,227,33,369,3.0,1332.0,1.0,9583.0,25000.0,1989-04-21T00:00:00.000Z,-86.105376,30.7267
4917492144,1,275,370,0.0,1064.0,1.0,37592.0,0.0,Not available,-79.409252,36.056962
4917490544,228,276,371,3.0,1364.0,2.0,20038.0,164000.0,2020-04-10T00:00:00.000Z,-84.753459,33.803261
4917488864,229,277,372,3.0,1268.0,2.0,8189.0,140000.0,2021-01-26T00:00:00.000Z,-81.206827,31.990771
4991664176,1,8,373,0.0,0.0,0.0,0.0,0.0,Not available,-122.849162,45.536604
4917486864,230,232,374,0.0,1848.0,0.0,242629.0,0.0,2004-09-29T00:00:00.000Z,-99.178435,30.002263
5002037552,231,278,375,2.0,1335.0,2.0,6893.0,205000.0,2020-07-14T00:00:00.000Z,-81.939129,26.573459
5002039664,232,279,376,4.0,5400.0,4.5,1470.0,885000.0,2016-12-12T00:00:00.000Z,-75.180566,39.948355
5002042640,1,280,377,4.0,2241.0,2.5,87120.0,0.0,Not available,-78.74752,42.682451
4917484784,233,281,378,5.0,3764.0,4.0,15852.0,562200.0,2005-12-13T00:00:00.000Z,-81.370561,28.794862
4917484624,1,8,379,0.0,0.0,0.0,0.0,0.0,Not available,-77.4435,37.5425
4917483184,234,282,380,0.0,500.0,0.0,0.0,100000.0,1986-02-21T00:00:00.000Z,-79.803212,32.926796
4917482704,1,180,381,0.0,0.0,0.0,21780.0,0.0,Not available,-82.5172754,35.67286076
4917481824,1,180,382,0.0,0.0,0.0,33106.0,0.0,Not available,-91.722618,31.459721
4917481664,1,8,383,0.0,0.0,0.0,0.0,0.0,Not available,-118.066993,34.115142
5002039856,1,8,384,0.0,0.0,0.0,0.0,0.0,Not available,-97.009625,32.84074
5002042928,235,283,385,4.0,1851.0,2.5,3450.0,288000.0,2001-06-05T00:00:00.000Z,-117.978756,33.760701
4917479904,236,284,386,3.0,1610.0,2.5,6273.0,181000.0,2018-11-26T00:00:00.000Z,-76.266374,36.750261
5002039568,237,285,387,3.0,2937.0,2.5,25265.0,300000.0,2013-04-11T00:00:00.000Z,-82.001443,35.050803
4917482544,238,286,388,2.0,1044.0,1.5,5544.0,0.0,2015-08-12T00:00:00.000Z,-86.164979,41.664339
5002044080,1,8,389,0.0,0.0,0.0,0.0,0.0,Not available,-76.973535,38.868069
5002044656,1,8,390,0.0,0.0,0.0,0.0,0.0,Not available,-76.574583,37.163444
5002041872,239,287,391,4.0,2152.0,2.5,19994.0,204000.0,2006-05-30T00:00:00.000Z,-84.601658,33.830866
4917493104,240,288,392,3.0,1247.0,1.0,4600.0,10000.0,2010-08-31T00:00:00.000Z,-81.589375,41.547765
4917487024,241,289,393,3.0,2713.0,2.5,4564.0,448900.0,2020-12-23T00:00:00.000Z,-122.662432,45.72586
4917482464,242,290,394,2.0,723.0,1.0,41382.0,275000.0,2023-03-17T00:00:00.000Z,-112.576674,33.384199
4919361360,243,291,395,2.0,1287.0,2.0,0.0,155000.0,2017-05-24T00:00:00.000Z,-74.234008,40.054201
5002045424,1,8,396,0.0,0.0,0.0,0.0,0.0,Not available,-83.295911,42.309103
4919360320,1,292,397,3.0,1576.0,2.5,1742.0,0.0,Not available,-80.363681,36.089697
5002042352,244,293,398,0.0,2617.0,2.5,43560.0,486704.0,2015-07-24T00:00:00.000Z,-80.865724,34.936786
5002046288,245,20,399,3.0,1214.0,2.0,0.0,127000.0,2021-08-06T00:00:00.000Z,-90.944991,30.435452
4919357920,1,294,400,3.0,1024.0,1.0,3250.0,0.0,Not available,-76.946729,38.864765
5002046768,1,295,401,3.0,1988.0,3.0,7245.0,0.0,Not available,-96.660952,32.942612
5002048496,246,296,402,0.0,0.0,0.0,3182.0,420000.0,2022-04-25T00:00:00.000Z,-87.702976,41.925069
4919356240,1,8,403,0.0,0.0,0.0,0.0,0.0,Not available,-76.816255,42.085609
4919355440,247,297,404,4.0,1152.0,2.0,6490.0,0.0,2006-01-13T00:00:00.000Z,-111.180243,45.778244
4919354000,248,298,405,2.0,1711.0,4.0,10019.0,250000.0,2017-12-08T00:00:00.000Z,-104.753053,39.667434
4919352320,249,299,406,4.0,1270.0,1.0,6534.0,204000.0,2018-05-09T00:00:00.000Z,-116.212395,33.727963
4919349680,250,300,407,4.0,2267.0,3.0,15126.0,0.0,2024-05-06T00:00:00.000Z,-95.488693,30.304959
4919348720,251,301,408,2.0,1056.0,1.0,3690.0,201000.0,2021-01-08T00:00:00.000Z,-87.76238,41.735263
4919347280,252,302,409,4.0,1360.0,0.0,2635.0,65000.0,1997-08-29T00:00:00.000Z,-75.180535,40.045555
4919345600,253,303,410,0.0,1796.0,2.5,2975.0,161415.0,2000-10-16T00:00:00.000Z,-76.836084,39.466999
4919347600,254,304,411,4.0,1590.0,2.0,9148.0,0.0,2019-04-24T00:00:00.000Z,-101.867462,34.976017
5002049168,1,8,412,0.0,0.0,0.0,0.0,0.0,Not available,-88.003511,44.511057
4919357760,255,305,413,0.0,2594.0,3.0,1742.0,331840.0,1999-02-02T00:00:00.000Z,-77.118281,38.811042
4919355120,1,306,414,2.0,864.0,1.0,5727.0,0.0,Not available,-118.153059,33.910699
5002049744,1,75,415,1.0,680.0,1.0,0.0,0.0,Not available,-97.779977,30.163197
4919350320,256,307,416,4.0,2200.0,3.0,2000.0,250000.0,2000-03-02T00:00:00.000Z,-73.924277,40.615801
5002051184,257,308,417,3.0,2888.0,3.5,12676.0,437500.0,2018-10-10T00:00:00.000Z,-83.853171,34.138475
4918984608,258,309,418,0.0,2290.0,4.0,3000.0,700000.0,2011-09-26T00:00:00.000Z,-73.886475,40.741853
4918981968,1,310,419,2.0,1266.0,1.0,6970.0,0.0,Not available,-90.042806,35.085964
4918981168,259,20,420,5.0,2010.0,2.0,11250.0,18500.0,2022-04-20T00:00:00.000Z,-88.518184,40.747547
4918980048,1,8,421,0.0,0.0,0.0,0.0,0.0,Not available,-111.836681,40.656254
5002051280,1,8,422,0.0,0.0,0.0,0.0,0.0,Not available,-85.487895,43.671507
5002049936,260,311,423,1.0,900.0,1.0,0.0,157000.0,2009-09-22T00:00:00.000Z,-87.884495,42.040963
5002048976,1,312,424,0.0,1019.0,2.0,0.0,0.0,Not available,-77.499143,39.036911
5002037744,1,313,425,2.0,927.0,1.0,0.0,0.0,Not available,-83.149208,39.997888
5002045712,261,314,426,2.0,592.0,1.0,7750.0,2000.0,2021-12-09T00:00:00.000Z,-86.881082,33.465788
4918976848,262,315,427,3.0,1395.0,2.5,14900.0,53000.0,1975-12-30T00:00:00.000Z,-74.931178,40.161231
4918976448,1,180,428,0.0,0.0,0.0,359849.0,0.0,Not available,-95.327327,35.769099
5002039184,1,316,429,0.0,1200.0,0.0,187744.0,0.0,Not available,-86.27818,34.2954
4918975168,263,317,430,4.0,2030.0,3.0,22681.0,141500.0,1991-05-01T00:00:00.000Z,-77.436543,38.318699
4918973888,264,318,431,2.0,1095.0,1.0,15838.0,230000.0,2021-08-06T00:00:00.000Z,-114.400408,32.66487
4918973488,1,20,432,0.0,0.0,0.0,0.0,0.0,Not available,-92.170107,32.551098
4918972688,1,319,433,0.0,1107.0,1.0,8407.0,0.0,Not available,-95.798645,36.02939
4918971648,265,320,434,3.0,1353.0,2.0,6970.0,0.0,2020-11-25T00:00:00.000Z,-116.304907,43.625343
4918970688,266,321,435,3.0,1518.0,2.0,13809.0,157000.0,2015-07-14T00:00:00.000Z,-90.412057,37.766646
5002038608,267,322,436,1.0,899.0,1.0,9784.0,650000.0,2024-01-30T00:00:00.000Z,-117.159684,32.727533
5002047632,268,323,437,3.0,1333.0,0.0,1333.0,220000.0,2008-11-20T00:00:00.000Z,-76.505048,38.953101
5002047440,269,324,438,0.0,1681.0,3.0,5391.0,203000.0,2010-01-22T00:00:00.000Z,-110.903331,32.269531
5002036496,1,8,439,0.0,0.0,0.0,0.0,0.0,Not available,-112.125377,33.665039
5002037168,270,325,440,2.0,2159.0,2.5,0.0,1600000.0,2024-04-03T00:00:00.000Z,-81.721027,25.910015
5002045136,1,33,441,3.0,1068.0,2.0,0.0,0.0,Not available,-82.67832,27.757898
4918972048,271,326,442,2.0,1361.0,1.0,5672.0,0.0,2019-10-22T00:00:00.000Z,-95.175949,29.67086
4918970768,1,8,443,0.0,0.0,0.0,0.0,0.0,Not available,-100.920031,32.72406
4918983488,1,327,444,4.0,1955.0,2.0,7210.0,0.0,Not available,-117.98293,33.792598
4918979808,272,328,445,4.0,2104.0,2.5,942203.0,4500.0,2015-07-15T00:00:00.000Z,-83.139282,40.346431
4918978208,273,329,446,3.0,720.0,1.5,7280.0,78500.0,2010-02-01T00:00:00.000Z,-87.641533,41.599641
4918973648,274,330,447,4.0,2135.0,2.0,7488.0,0.0,1996-05-02T00:00:00.000Z,-95.773842,29.767559
5002040816,275,331,448,3.0,3214.0,1.0,10019.0,476180.0,2021-02-17T00:00:00.000Z,-104.577437,39.490881
4918606656,276,33,449,3.0,1494.0,2.0,6098.0,243000.0,2015-07-10T00:00:00.000Z,-122.539537,45.659321
4918605616,277,274,450,3.0,1296.0,2.0,7840.0,13101.0,1994-02-01T00:00:00.000Z,-123.011313,44.065203
5002038896,1,332,451,3.0,1031.0,1.0,10368.0,0.0,Not available,-81.643161,30.278155
4918603376,278,20,452,0.0,0.0,0.0,7200.0,0.0,2016-01-04T00:00:00.000Z,-98.260649,29.865445
5002046096,279,333,453,3.0,1468.0,2.5,9148.0,305000.0,2023-11-09T00:00:00.000Z,-79.781035,36.145493
5002039472,1,334,454,0.0,1383.0,0.0,0.0,0.0,Not available,-86.285598,32.352428
4918599856,280,335,455,3.0,1400.0,1.5,7920.0,22000.0,2020-11-18T00:00:00.000Z,-81.083285,40.570531
4918598336,281,336,456,4.0,2919.0,2.0,10625.0,180000.0,2008-10-24T00:00:00.000Z,-81.728932,28.556716
4918597936,1,8,457,0.0,0.0,0.0,0.0,0.0,Not available,-74.0759,41.6172
5002046192,282,337,458,3.0,1732.0,2.0,8690.0,145000.0,2010-08-17T00:00:00.000Z,-81.049907,29.115391
5002048016,283,338,459,2.0,1740.0,2.0,42221.0,525000.0,2022-03-25T00:00:00.000Z,-111.009162,31.861608
5002048208,1,8,460,0.0,0.0,0.0,0.0,0.0,Not available,-77.83241,34.266008
4918595136,1,339,461,2.0,1184.0,1.0,5800.0,0.0,Not available,-83.625084,41.651098
5002050608,1,340,462,0.0,659.0,1.0,659.0,0.0,Not available,-76.819879,39.444992
5002051472,284,341,463,3.0,1587.0,2.0,6534.0,172500.0,2011-12-29T00:00:00.000Z,-121.255441,38.695458
5002042448,285,342,464,2.0,1347.0,2.5,0.0,117000.0,1997-09-30T00:00:00.000Z,-80.075259,26.929496
4918592656,286,343,465,3.0,3084.0,2.5,130680.0,325000.0,2017-10-03T00:00:00.000Z,-78.011763,38.233127
4918591856,287,33,466,3.0,1405.0,2.0,32670.0,123000.0,2005-08-17T00:00:00.000Z,-83.657486,34.087741
4918602656,288,344,467,0.0,2168.0,0.0,3800.0,880000.0,2017-03-01T00:00:00.000Z,-73.804463,40.729703
5002042256,1,8,468,0.0,0.0,0.0,0.0,0.0,Not available,-75.175433,40.023267
5002044560,289,345,469,3.0,1727.0,3.0,1435.0,0.0,2014-04-17T00:00:00.000Z,-100.724162,46.833789
4918607376,290,346,470,4.0,1824.0,2.0,3388.0,87000.0,2018-06-20T00:00:00.000Z,-87.749759,41.893767
4918599696,291,347,471,2.0,720.0,1.0,4446.0,0.0,2012-12-05T00:00:00.000Z,-85.124551,41.044776
5002044944,1,8,472,0.0,0.0,0.0,0.0,0.0,Not available,-74.129908,41.104361
5002037360,1,75,473,2.0,1164.0,2.0,0.0,0.0,Not available,-95.736718,29.658855
4918596096,292,348,474,2.0,1383.0,1.5,25700.0,427.0,1997-09-16T00:00:00.000Z,-76.022844,43.812643
4917869776,293,349,475,4.0,3344.0,3.5,5665.0,1350000.0,2024-06-11T00:00:00.000Z,-116.993105,32.607616
4917868576,1,24,476,0.0,0.0,0.0,16500.0,0.0,Not available,-79.549134,40.329096
4917867056,294,350,477,5.0,1464.0,2.5,12180.0,248000.0,2020-10-29T00:00:00.000Z,-93.16278,44.448144
5002043120,295,351,478,2.0,586.0,1.0,0.0,9725000.0,2011-02-25T00:00:00.000Z,-122.409526,37.775634
4917863696,296,352,479,3.0,1372.0,2.0,10019.0,46800.0,2016-05-05T00:00:00.000Z,-80.74878,28.371726
4917861536,297,353,480,3.0,1569.0,2.0,7200.0,295000.0,2019-09-03T00:00:00.000Z,-112.14899,33.668296
4917860096,298,354,481,4.0,3361.0,2.5,11326.0,241900.0,2021-12-08T00:00:00.000Z,-83.868223,34.045995
4917858976,299,355,482,4.0,2351.0,2.5,5023.0,600000.0,2020-09-29T00:00:00.000Z,-117.680628,34.117602
5002048400,300,356,483,3.0,2100.0,2.5,1294.0,805000.0,2016-11-28T00:00:00.000Z,-122.375452,47.678848
5003049072,301,357,484,3.0,2040.0,1.0,8000.0,1375000.0,2022-12-28T00:00:00.000Z,-73.820179,40.668759
5003043408,302,358,485,1.0,550.0,1.0,727.0,0.0,2022-04-28T00:00:00.000Z,-97.716636,30.284192
5003042640,1,8,486,0.0,0.0,0.0,0.0,0.0,Not available,-84.530693,33.951289
5003035920,303,359,487,4.0,2579.0,3.0,6992.0,221500.0,2017-02-06T00:00:00.000Z,-82.413057,27.728069
4917854976,304,360,488,3.0,1872.0,1.0,7201.0,139900.0,2022-11-03T00:00:00.000Z,-88.475979,44.172844
4917868976,1,361,489,3.0,2200.0,3.5,1481.0,0.0,Not available,-84.349244,33.817392
4917856096,305,362,490,4.0,3611.0,3.0,7614.0,0.0,2021-03-05T00:00:00.000Z,-96.624685,33.276078
4917867296,306,363,491,4.0,2109.0,2.0,14400.0,392000.0,2023-07-06T00:00:00.000Z,-81.44476,28.663134
4917864416,1,33,492,3.0,1603.0,2.0,13068.0,0.0,Not available,-90.974889,38.527527
5003049936,307,364,493,4.0,2497.0,3.0,10000.0,82000.0,2002-07-02T00:00:00.000Z,-82.170178,26.974461
4917859456,1,365,494,3.0,1326.0,2.0,1430.0,0.0,Not available,-117.217831,34.109596
4917855216,308,366,495,0.0,2376.0,0.0,3999.0,103900.0,1988-04-12T00:00:00.000Z,-74.86358,40.076095
5003036592,1,8,496,0.0,0.0,0.0,0.0,0.0,Not available,-119.301127,36.333344
4917165344,309,367,497,3.0,1425.0,2.0,7000.0,285000.0,2010-02-18T00:00:00.000Z,-80.236679,25.777334
5003045808,1,8,498,0.0,0.0,0.0,0.0,0.0,Not available,-82.137874,27.999866
4917164224,310,368,499,0.0,1752.0,2.0,15769.0,85000.0,2011-07-07T00:00:00.000Z,-95.971554,35.995992
4917163344,311,20,500,4.0,2485.0,2.5,8250.0,275000.0,2022-09-06T00:00:00.000Z,-77.27856,37.309939
